{
    "$schema": "https://schema.management.azure.com/schemas/2015-01-01/deploymentParameters.json#",
    "contentVersion": "1.0.0.0",
    "parameters": {
        "factoryName": {
            "value": "AzureDataFactoryDemo-SqlSpSink-Data-Factory"
        },
        "SourceDatabase_connectionString": {
            "value": ""
        },
        "TargetDatabase_connectionString": {
            "value": ""
        },
        "containerUri": {
            "value": ""
        },
        "containerSasToken": {
            "value": ""
        }
    }
}